Just Dance 4 - Run the Show - Kat DeLuna ft. Busta Rhymes - 5 Stars,https://www.youtube.com/watch?v=MJTEt4aPhFQ
Just Dance 4 - Run The Show (Extreme Version ) - Kat DeLuna ft. Busta Rhymes - 5 Stars,https://www.youtube.com/watch?v=wvG9HFnjl6Q
Elvis vs. JXL - A Little Less Conversation (JXL Radio Edit Remix) (Just Dance 1),https://www.youtube.com/watch?v=AtCDv9rpNwE
Just Dance -  Bebe,https://www.youtube.com/watch?v=tU4HWgDs9Ck
Just Dance | Gorillaz - Dare,https://www.youtube.com/watch?v=p-D1L9_x2Ys
Calvin Harris - Acceptable in the 80's (Just Dance 1),https://www.youtube.com/watch?v=LSEHUA-WRv8
Just Dance - Funplex css remix - b-52s,https://www.youtube.com/watch?v=nKyfvP82zrc
Blur - Girls And Boys (Just Dance 1),https://www.youtube.com/watch?v=ZPaJilpDyaI
Cyndi Lauper - Girls Just Want To Have Fun (Just Dance 1),https://www.youtube.com/watch?v=UDQLbRicvic
Just Dance | Katy Perry - Hot n Cold,https://www.youtube.com/watch?v=OQL6k16JJl4
Caesars - Jerk It Out (Just Dance 1),https://www.youtube.com/watch?v=LjSAzS_I9_A
just dance 1 Sp M0nSt3R ( Jin-Go-Lo-Ba (Fatboy Slim remix),https://www.youtube.com/watch?v=8STzZEtqBNY
Chic - Le Freak (Just Dance 1),https://www.youtube.com/watch?v=n6FE7QmNvwQ
Dee Dee Sharp - Mashed Potato Time (Just Dance 1),https://www.youtube.com/watch?v=aWqkRltIyXA
Technotronic - Pump Up The Jam (Just Dance 1),https://www.youtube.com/watch?v=SD-nGMyU514
Anita Ward - Ring My Bell (Just Dance 1),https://www.youtube.com/watch?v=7UfXJFpmW-g
The Trashmen - Surfin' Bird (Just Dance 1),https://www.youtube.com/watch?v=-lz8bA0Sigk
MC Hammer - U Can't Touch This (Just Dance 1),https://www.youtube.com/watch?v=t29UjRbBasg
JUST DANCE MIX (PC): Wannabe by Spice Girls [12K],https://www.youtube.com/watch?v=zzbEszeDB7c
Baha Men   Who let the dogs out just dance 1 WII,https://www.youtube.com/watch?v=sixARQZxsys
Just Dance 2020 PC (Toxic - Britney Spears) 2 Stars,https://www.youtube.com/watch?v=eKBQrv_wZnQ
Just Dance Unlimited - It's Raining Men - The Weather Girls,https://www.youtube.com/watch?v=dKyTqUWQiSQ
JUST DANCE MIX (PC): A-Punk by Vampire Weekend [13K],https://www.youtube.com/watch?v=i2RG2XFUfd0
Rihanna - S.O.S. (Just Dance 2),https://www.youtube.com/watch?v=CdXP-aZLuOI
Just Dance 2 -  Proud Mary by Tina Turner and Ike,https://www.youtube.com/watch?v=wDTjpfZMXak
Just Dance Unlimited - Move your feet - Junior Senior - 6 Player Gameplay,https://www.youtube.com/watch?v=iq3TNhmu__0
Just Dance 2018 (Unlimited): Idealistic,https://www.youtube.com/watch?v=HukAMrthvPU
Just Dance 2018 (Unlimited): Katti Kalandal,https://www.youtube.com/watch?v=kE7Kx0qUW7Q
Just Dance Hits: Iko Iko by Mardi Gras [12.7k],https://www.youtube.com/watch?v=AjR5kkPmJvE
Madonna - Holiday | Just Dance 2017 (PC),https://www.youtube.com/watch?v=RocuEwLM5fQ
Sway [Quien Sera] - Marine Band(Just Dance 2017),https://www.youtube.com/watch?v=Mmfhq6z3au8
Just Dance Best Of - satisfaction benny benassi,https://www.youtube.com/watch?v=11qRVJWomH8
Just Dance 2016 - Mugsy Baloney - Charleston - 100% Perfect FC #18,https://www.youtube.com/watch?v=P5yQCdmz3ew
Just Dance 2016 - Hey Ya! - Outkast - 100% Perfect FC #46,https://www.youtube.com/watch?v=RoUvHk3vw3E
Call Me Maybe (Just Dance 4) *5,https://www.youtube.com/watch?v=2GTAwNmyjSc
5‚òÜ stars - Call me Maybe - Alternative - Just Dance 4 - Wii U,https://www.youtube.com/watch?v=bYjI048jg40
Just Dance Hits: Call Me by Blondie [12.4k],https://www.youtube.com/watch?v=NuTyiHA0rjk
Just Dance 2016 - Baby Girl - Reggaeton - 100% Perfect FC #17,https://www.youtube.com/watch?v=9PHxtHex4UM
Just Dance 2 - Soul Bossa Nova by Quincy Jones and His Orchestra,https://www.youtube.com/watch?v=MELWcHtA7jc
Just Dance 2018 (Unlimited) Rasputin MEGASTAR,https://www.youtube.com/watch?v=IozjYg1Wdd4
Crazy In Love (Just Dance Greatest Hits) *5,https://www.youtube.com/watch?v=MC3O0VB7YyI
Just Dance 2018 Unlimited That POWER (Gameplay),https://www.youtube.com/watch?v=qfeiJD6_JZw
"Just Dance 2018 Unlimited ""Take Me Out"" MEGASTAR +13K",https://www.youtube.com/watch?v=zuaO0ybQpIE
Just Dance 2017 Monster Mash 5 stars,https://www.youtube.com/watch?v=Q5wM2g06vWc
JUST DANCE MIX (PC): Jump In The Line by The Sunlight Shakers [12999 LMAO],https://www.youtube.com/watch?v=-G-6DNPGEfk
Just Dance Greatest Hits - Viva Las Vegas | 5 Stars | Full Gameplay,https://www.youtube.com/watch?v=n8GguUJtOa4
That's Not My Name | Just Dance 2018,https://www.youtube.com/watch?v=yk16UVCP7wY
Just Dance Unlimited Rockafeller Skank - Fatboy Slim,https://www.youtube.com/watch?v=64r5zwzki1E
Just Dance Unlimited - Cosmic Girl,https://www.youtube.com/watch?v=4dqy2yIe6yw
Body Movin' - Just Dance 2019 [Nintendo Switch] [CJDU],https://www.youtube.com/watch?v=86zl8aljXbA
HandClap | Just Dance 2018,https://www.youtube.com/watch?v=esLEZZLO7aw
Just Dance Hits: Beautiful Liar by Beyonc√© & Shakira [12.7k],https://www.youtube.com/watch?v=hOpN3apw_Ps
Baby One More Time - Britney Spears [Just Dance 3] Unlimited,https://www.youtube.com/watch?v=NI31AWYYuFI
Just Dance 2018 (Unlimited): Oops!... I Did It Again,https://www.youtube.com/watch?v=nao0GMep8HA
Just Dance 3 - Apache (Jump On It) by The Sugarhill Gang,https://www.youtube.com/watch?v=BGZmiRSJnzY
Just Dance Unlimited - I Feel Love - Donna Summer,https://www.youtube.com/watch?v=cE7vVJ9ffcE
Just Dance Hits: I Don‚Äôt Feel Like Dancin‚Äô by Scissor Sisters [11.9k],https://www.youtube.com/watch?v=t-_MByuEZLQ
Just Dance Hits: Gonna Make You Sweat (Mashup) by Sweat Invaders [11.5k],https://www.youtube.com/watch?v=XmpkwxaGOf8
Just Dance 2020 (Unlimited) - Giddy on Up (Giddy on Out),https://www.youtube.com/watch?v=u2wIc-ombjo
Just Dance Unlimited - Forget You,https://www.youtube.com/watch?v=LAN6R2cF3SA
Just Dance 2018 (Unlimited): Dynamite,https://www.youtube.com/watch?v=by-QcR2GehQ
Just Dance 3 HD - Dance All Nite,https://www.youtube.com/watch?v=eqvDTo9AlXM
Just Dance 2018 (Unlimited): Uptown Funk,https://www.youtube.com/watch?v=6-qHvsxgsRA
Just Dance 2018 (Unlimited): Crazy Little Thing Called Love,https://www.youtube.com/watch?v=CBhQ16p_ubw
Just Dance 2018 (Unlimited): California Gurls,https://www.youtube.com/watch?v=Tjbw_Yc48fs
Just Dance Unlimited - Boom (All Perfect),https://www.youtube.com/watch?v=awVxB4MdMeE
Just Dance Hits: Let's Go To The Mall,https://www.youtube.com/watch?v=0TuY02X_j3o
Just Dance Unlimited - Land of 1000 Dances (Megastar),https://www.youtube.com/watch?v=vcbT2Vc9AcY
Just Dance 2018 (Unlimited): Jump (For My Love),https://www.youtube.com/watch?v=YxqXmSVDS90
Just Dance 3 - I'm So Excited by The Pointer Sisters,https://www.youtube.com/watch?v=Q2I9LQT76Tw
JUST DANCE3 - I Was Made For Lovin' You sweat ver(Normal4),https://www.youtube.com/watch?v=Ewe4yTqmRos
Just Dance Hits: Price Tag by Jessie J ft. B.o.B [11.8k],https://www.youtube.com/watch?v=v4NJh-AtM48
Just Dance Unlimited Party Rock Anthem 5 Stars,https://www.youtube.com/watch?v=Ohn1aRXz6uc
Just Dance 3 - Pata Pata - 5 Stars,https://www.youtube.com/watch?v=qOwc444ymkg
Just Dance Unlimited - No Limit - 2 Unlimited,https://www.youtube.com/watch?v=6h1MUO-uEcU
Just Dance 2020: a-ha - Take On Me (MEGASTAR),https://www.youtube.com/watch?v=RuskK_Cem7A
Just Dance 2018 (Unlimited): Lollipop,https://www.youtube.com/watch?v=vYSr3hlJT5s
Just Dance 2016 - Kool Kontact - Glorious Black Belts - 5 Stars,https://www.youtube.com/watch?v=8MPuxXY66vE
Just Dance 2018 (Unlimited): This Is How We Do,https://www.youtube.com/watch?v=BZeEc6bcyVQ
Just Dance 2018 (Unlimited): This Is How We Do - Alternate (Vers√£o aer√≥bica),https://www.youtube.com/watch?v=Xcft8jpBt70
Just Dance 2014 Xbox 360 Gameplay - Rihanna - Where Have You Been - 5 Stars,https://www.youtube.com/watch?v=RIkexdTR6_M
Just Dance Hits: Disturbia by Rihanna [12.4k],https://www.youtube.com/watch?v=HyiOce29uio
Good Feeling (Extreme Version - Just Dance 4) *5,https://www.youtube.com/watch?v=7GZ_ajlkoeQ
Just Dance 4 - Good Feeling (Extreme Version) - Flo Rida - 5 Stars,https://www.youtube.com/watch?v=--74o20SmOs
Rock Lobster (Just Dance 4) *5,https://www.youtube.com/watch?v=R7gWbFuotyA
Hot For Me - A.K.A. | Just Dance 4,https://www.youtube.com/watch?v=qWbMJ5LDHlI
Sexy and i Know it - Just Dance 2014,https://www.youtube.com/watch?v=NaxvI9EetW0
We No Speak Americano - Hit The Electro Beat | Just Dance 4,https://www.youtube.com/watch?v=ydYPiBG_2Fs
[XB1] Just Dance Unlimited - Cercavo Amore - 100% Perfect | Kinect Gameplay,https://www.youtube.com/watch?v=bZism1qKV4c
Just Dance 4 Oh No,https://www.youtube.com/watch?v=peu6C23_2Ks
Just Dance 4 Crucified,https://www.youtube.com/watch?v=LG10L_ioW2I
Just Dance 4 Hit Em Up Style,https://www.youtube.com/watch?v=F9bArU4_S_8
Just Dance 2017 - Cake by the Ocean,https://www.youtube.com/watch?v=qryAuIqG8oo
üåü Just Dance 2017: Bang - Anitta - 5 stars üåü,https://www.youtube.com/watch?v=FTzAOLS1nx8
üåü Just Dance 2017: Cola Song by INNA Ft. J Balvin | Just Dance 2017 full gameplay üåü,https://www.youtube.com/watch?v=-sLrRi5s8QM
‚≠ê Just Dance 2017 : Daddy - PSY Ft. CL of 2NE1 | 5 Star | Just Dance Like All Star ‚≠ê,https://www.youtube.com/watch?v=y9WUm3QvHK0
Just Dance 2017 - DADDY (Father Son Version),https://www.youtube.com/watch?v=Y_PMTrPhZi4
Just Dance 2017 - Scream & Shout (Extreme Version),https://www.youtube.com/watch?v=YLRnUx-1kyQ
Just Dance 2017: Lean on - Major Lazer & DJ Snake ft  M√ò | Just Dance 2017 full gameplay Super Stars,https://www.youtube.com/watch?v=R9bMw6xpB50
üåü Just Dance 2017 : Dragostea Din Tei | O-Zone - 5 Stars üåü,https://www.youtube.com/watch?v=fq0GqiO-B74
Just Dance Unlimited: Beep Beep Ima Sheep 5 Stars,https://www.youtube.com/watch?v=zi1qIeU_y6c
Automaton - Just Dance 2018 (Megastar-*5),https://www.youtube.com/watch?v=XmKiLjFOgDI
Chantaje - Just Dance 2018 (Megastar - 5*),https://www.youtube.com/watch?v=rddettN2RMU
Just Dance 2019 A Little Party Never Killed Nobody All We Got Switch,https://www.youtube.com/watch?v=FEBJU978e5s
Finesse (Remix) | Bruno Mars ft. Cardi B | Just Dance 2019,https://www.youtube.com/watch?v=nbYZH3Eu6hs
Just Dance 2019 - Where Are You Now?,https://www.youtube.com/watch?v=R_SAp2oIzGM
OMG (Extreme) | Just Dance 2019,https://www.youtube.com/watch?v=9ZBZCeEvjPo
Just Dance 2019 Gameplay - Ghostbusters theme song from 2014 game,https://www.youtube.com/watch?v=k14giRzqqUY
Just Dance 2020 - Always look on the bright side of life (All Perfect),https://www.youtube.com/watch?v=kzHPtuHIHKk
Just Dance 2020 | Freeze Please - Kids Mode,https://www.youtube.com/watch?v=zoi0FvFcr9A
XBOX ONE Just Dance 2014 Timber Pitbull feat Ke$ha 5 stars,https://www.youtube.com/watch?v=u3S8T3jZA6A
Ugly Beauty | Just Dance 2020,https://www.youtube.com/watch?v=hvq3l3P7FO8
Just Dance 2014 Xbox360 Gameplay - Nicky Minaj - Pound The Alarm - 5 Stars,https://www.youtube.com/watch?v=ctxUVxXlpR0
Boogie Wonderland Groove Century Just Dance 2019 ( Unlimited ) MEGASTAR 5 √©toiles,https://www.youtube.com/watch?v=APa_D750MQA
Just Dance 2018 (Unlimited) - Spectronizer by Sentai Express,https://www.youtube.com/watch?v=NHxuxXMBUIk
Just Dance 2020: Robbie Williams ft. Nicole Kidman - Somethin' Stupid (MEGASTAR),https://www.youtube.com/watch?v=Br-1WacHSUE
Just Dance Unlimited Tommy Sparks She‚Äòs Got Me Dancing,https://www.youtube.com/watch?v=Cnjnj8QWo4M
Just Dance Hits: Pump It by The Black Eyed Peas [11.5k],https://www.youtube.com/watch?v=RxOKsZim_kQ
Just Dance 3 - What You Waiting For? - Gwen Stefani - 5 Stars,https://www.youtube.com/watch?v=wn2iikAmmJw
Just Dance Hits: Video Killed the Radio Star by The Buggles [11.4k],https://www.youtube.com/watch?v=PUZSFZ5ReBA
Just Dance Hits PC - Tightrope,https://www.youtube.com/watch?v=05ETDFsvaR8
ObaidaPro. This Is Halloween Just Dance 2024,https://www.youtube.com/watch?v=_-SARVa4qcM
Eurovision 2020 - Think About Things by Da√∞i & Gagnamagni√∞ | Iceland üáÆüá∏ | Just Dance 2020,https://www.youtube.com/watch?v=Ri6TgfPEJts
Just Dance Hits: Umbrella by Rihanna ft. Jay-Z [12.4k],https://www.youtube.com/watch?v=5X_0mhASGXc
Just Dance 2018 (Unlimited): Beauty And A Beat,https://www.youtube.com/watch?v=A-kRgJkQdII
Just Dance 4 - Livin' La Vida Loca 5 Stars,https://www.youtube.com/watch?v=UnbJ4AX6wTA
Just Dance 2016 - Love You Like a Love Song - Selena Gomez and The Scene - 100% Perfect FC #32,https://www.youtube.com/watch?v=KW8eHkotKJY
JUST DANCE 4 demo - So What(5 star),https://www.youtube.com/watch?v=buo15GLPEME
Just Dance 2020: Rick Astley - Never Gonna Give You Up (MEGASTAR),https://www.youtube.com/watch?v=DMH6tx74F80
Wild Wild West (Extreme Version - Just Dance 4) *5,https://www.youtube.com/watch?v=V6bTlLdK0XU
Just Dance Hits: Wild Wild West by Will Smith [11.9k],https://www.youtube.com/watch?v=bQca5WpcNjI
The Final Countdown (Just Dance 4) *5,https://www.youtube.com/watch?v=dhECpzx3-Tg
Just Dance 4 - What Makes You Beautiful - One Direction - 5 Stars,https://www.youtube.com/watch?v=834iwIuP124
Tribal Dance (Just Dance 4) *5,https://www.youtube.com/watch?v=MACtxFnIowU
Just Dance Hits: Mas Que Nada,https://www.youtube.com/watch?v=R2XbWQPhuwA
Just Dance 2019 (Unlimited) - I Like It (Like That) | All Perfects,https://www.youtube.com/watch?v=wFaH7XKOT3U
Can't Take My Eyes Off You (Just Dance 4) *5,https://www.youtube.com/watch?v=LOw4G_Y6Ojk
Time Warp - Just Dance 4,https://www.youtube.com/watch?v=Wo3Xbho0IdM
Just Dance 2018 (Unlimited): Diggin' In The Dirt,https://www.youtube.com/watch?v=tfRTuJBaPK8
Just Dance 2018 (Unlimited): Rock N' Roll (Will Take You To The Mountain),https://www.youtube.com/watch?v=SV_XI-89NJY
Make The Party (Don't Stop) (Just Dance 4) *5,https://www.youtube.com/watch?v=VjA2CC9uigM
Just Dance 4   Everybody Needs Somebody To Love 5 ‚òÜ‚òÜ‚òÜ‚òÜ‚òÜ,https://www.youtube.com/watch?v=gDGtf4yMW5I
Just Dance 4 - Superstition - Stevie Wonder - 5 Stars,https://www.youtube.com/watch?v=kZGzpaJfkWc
Just Dance 2018 (Unlimited): Jailhouse Rock,https://www.youtube.com/watch?v=ethUTZ9c5dg
Jailhouse Rock (Line Dance - Just Dance 4) *5,https://www.youtube.com/watch?v=Th4zPIE32G8
Just Dance 2018 (Unlimited): When The Rain Begins To Fall,https://www.youtube.com/watch?v=VuGeHBLoQHE
(I've Had) The Time Of My Life (Just Dance 4) *5,https://www.youtube.com/watch?v=F0ws9zgSXrE
Just Dance 4 - Crazy Little Thing - Anja - All Perfects!,https://www.youtube.com/watch?v=sYFCc12rZTU
Domino - Jessie J | Just Dance 4,https://www.youtube.com/watch?v=YML09o-p9dU
Just Dance 4 - Some Catchin' Up to Do - Sammy - 5 Stars,https://www.youtube.com/watch?v=yDxSxVyplcE
Just Dance 2016 - Want To Want Me(Couple version),https://www.youtube.com/watch?v=oI2IghC6gj0
Just Dance 2016 - Want to Want Me - Jason Derulo - 100% Perfect FC #08,https://www.youtube.com/watch?v=oXHZhNAU5X4
Just Dance 2016 - Blame,https://www.youtube.com/watch?v=336xGlqwuR4
Just Dance 2016 - Ievan Polkka - Hatsune Miku - 5 Stars,https://www.youtube.com/watch?v=AWO_SIlz2u8
Hey Mama Geisha Version - David Guetta ft. Nicki Minaj - JustDance 2016 - 5* - 1080p HD,https://www.youtube.com/watch?v=zVWofW2R3JE
"Just Dance Unlimited 2017‚Ä¢ Chiwawa _ Wanko Ni Mero Mero [REMASTERIS√âE, PAR BARBIE]",https://www.youtube.com/watch?v=2nyOXwPATLE
Just Dance 2016 - Born This Way - Lady Gaga - 5 Stars,https://www.youtube.com/watch?v=i6jIpaVNNZU
Just Dance 2016   Animals   5 stars,https://www.youtube.com/watch?v=RxozAnVBWio
Just Dance 2016 - Animals(Extreme version),https://www.youtube.com/watch?v=-DYALBogmJo
Just Dance 2016 - Lights - Ellie Goulding - 5 Stars,https://www.youtube.com/watch?v=SizfEIfbfRA
Just Dance 2018 (Unlimited): Under The Sea,https://www.youtube.com/watch?v=ovQ9UBro3sI
Just Dance 2019 - I gotta feeling*Black Eyed Peas,https://www.youtube.com/watch?v=_8f3hZ23ZEs
Just Dance 2018¬Æ I Gotta Feeling - 5 stars (MEGASTAR),https://www.youtube.com/watch?v=adb-MxGBp8k
Just Dance 2016 - Uptown Funk(Tuxedo version),https://www.youtube.com/watch?v=eYMni0l8g6Y
Uptown funk Just Dance 2017 unlimited - 5 stars,https://www.youtube.com/watch?v=wf0txrUERco
Just Dance 2018 (Unlimited): Boys (Summertime Love),https://www.youtube.com/watch?v=c5TW8C1cPfA
Circus ( EXTREME ) | Britney Spears | Just Dance Unlimited,https://www.youtube.com/watch?v=HFYENNiEDSQ
Just Dance 2016 - Cool For The Summer - Demi Lovato - 5 Stars,https://www.youtube.com/watch?v=93bIgp5lVM8
Just Dance 2018 (Unlimited): Drop The Mambo,https://www.youtube.com/watch?v=-df0tTGxUUo
Just Dance 2016 - Fancy - Iggy Azalea ft Charli XCX - Just Dance 2016 - 5 Stars,https://www.youtube.com/watch?v=071CJx_tViQ
Just Dance 2016 - Fun - Pitbull ft Chris Brown - 5 Stars,https://www.youtube.com/watch?v=BZHxco4_2Is
Just Dance 2016 - Hit The Road Jack(Line Dance version),https://www.youtube.com/watch?v=fqMFg4Lq5AE
Just Dance 2016 - Irish Meadow Dance - O'Callagan's Orchesta - 5 Stars,https://www.youtube.com/watch?v=moryohPkTSY
Just Dance 2016 Wii U Gameplay - Nikki-Yanofsky: Kaboom Pow,https://www.youtube.com/watch?v=oCcLoAdFBNI
Just Dance 2018 (Unlimited): Stuck On A Feeling,https://www.youtube.com/watch?v=Vq_Un3r6-QE
Just Dance 2016 - Same Old Love - Selena Gomez - 5 Stars,https://www.youtube.com/watch?v=nYrwxr9JyH8
Just Dance 2016 - Stadium Flow,https://www.youtube.com/watch?v=7eDnzVJH5W8
Just Dance 2016 - Heartbeat Song,https://www.youtube.com/watch?v=SAM13SzjLfo
Just Dance 2016 - Gibberish,https://www.youtube.com/watch?v=PhNaznYzYEE
Just Dance 2016 - Junto a Ti,https://www.youtube.com/watch?v=ePVmrXmyVSA
Just Dance 2016 - Teacher,https://www.youtube.com/watch?v=eJPSl78vnHM
Just Dance 2016 - Rabiosa,https://www.youtube.com/watch?v=A6R2ky8bzcg
Just Dance 2016 - The Choice Is Yours,https://www.youtube.com/watch?v=UUA0RSI_q2M
Just Dance 2016 - When The Rain Begins To Fall,https://www.youtube.com/watch?v=UD8feFd_5To
Just Dance 2016 - You're The One That I Want,https://www.youtube.com/watch?v=S3rvtitHrgs
Just Dance 2016 - These Boots Are Made For Walking,https://www.youtube.com/watch?v=2WzjnaFjHYY
Just Dance 2016 - You Never Can Tell,https://www.youtube.com/watch?v=rkYL_5sFZqw
Just Dance 2016 - All About That Bass(Flower & Bee version),https://www.youtube.com/watch?v=OE65JfLWTbo
Just Dance 2016 - Born This Way(Nerd version),https://www.youtube.com/watch?v=Wi8kSkyG_Ks
Just Dance 2016 - Fancy(Indian version),https://www.youtube.com/watch?v=8B6VxbBLDEg
Just Dance 2016 - Rabiosa(Latin Fitness version),https://www.youtube.com/watch?v=VeUBWhMXTWk
Just Dance 2016 - Teacher(Car version),https://www.youtube.com/watch?v=RTBkbZDjz2s
Just Dance 2016 - This Is How We Do(Aerobics version),https://www.youtube.com/watch?v=61GLugcua28
Just Dance 2016 - Cheerleader (Felix Jaehn Remix),https://www.youtube.com/watch?v=5byW_4loe_4
Just Dance 2016 - –£–ª—ã–±–∞–π—Å—è(SMILE),https://www.youtube.com/watch?v=MUVg2uB8O2U
Just Dance 2016 - Shut Up And Dance,https://www.youtube.com/watch?v=hGMoV2YJSzw
Just Dance 2016 - Taste The Feeling,https://www.youtube.com/watch?v=YX2Y8_G0p5s
Just Dance Unlimited - Am I Wrong - Nico & Vinz,https://www.youtube.com/watch?v=qVeI6YDm8tU
Just Dance 2017 - Cheap Thrills (Bollywood Version),https://www.youtube.com/watch?v=Dxw1HUiy22g
Just Dance 2018 (Unlimited): Carnaval Boom,https://www.youtube.com/watch?v=rtC7Rukd2Bg
üåü Just Dance 2017: Bailar - Deorro Ft. Elvis Crespo  5 stars hacked by Prosox & Kuroi'SH üåü,https://www.youtube.com/watch?v=eV4kPGM2RBo
Just Dance 2017 - What Is Love (Car Version),https://www.youtube.com/watch?v=v8dJ-Qe-psc
Just Dance 2018 (Unlimited): All About Us,https://www.youtube.com/watch?v=QtlqkJQBCp8
Just Dance 2017 - Ghost In The Keys - Halloween Thrills Gameplay,https://www.youtube.com/watch?v=u9bgVvN1i_Y
Just Dance 2017: El Tiki by Maluma | Just Dance 2017 full gameplay | #JustDance2017,https://www.youtube.com/watch?v=c8G_vBkwOos
Just Dance 2017: El Tiki (Trio Version) - SuperStar Full Gameplay,https://www.youtube.com/watch?v=981MHMgULkk
Just Dance 2018: 24K Magic,https://www.youtube.com/watch?v=lSBgZp1gG-k
Just Dance 2018: 24K Magic (Vers√£o Extrema),https://www.youtube.com/watch?v=O3CPdlGleeI
Just Dance 2018: All You Gotta Do,https://www.youtube.com/watch?v=4WZPE8tgH7k
Just Dance 2018: Another One Bites The Dust,https://www.youtube.com/watch?v=H1SMBe6XKTc
Just Dance 2018: Another One Bites The Dust (Vers√£o acrobacia),https://www.youtube.com/watch?v=s7LekE_CWLM
Just Dance 2018: Automaton,https://www.youtube.com/watch?v=rWo5v_99zn0
Just Dance 2018: Automaton (Vers√£o tomate),https://www.youtube.com/watch?v=vPu3WGIoyD4
Just Dance 2018: Bad Liar,https://www.youtube.com/watch?v=MCQRSOi6YOw
Just Dance 2018: Blow Your Mind (Mwah),https://www.youtube.com/watch?v=Jz0guMrALKY
Just Dance 2018: Boom Boom,https://www.youtube.com/watch?v=7-HRathkyu8
Just Dance 2018: Bubble Pop!,https://www.youtube.com/watch?v=nq-ygGO3Gdw
Just Dance 2018: Chantaje (Vers√£o metr√¥),https://www.youtube.com/watch?v=uzZxaIQUTXA
Just Dance 2018: Daddy Cool,https://www.youtube.com/watch?v=Sb7LzoBAjyM
Just Dance 2018: Despacito,https://www.youtube.com/watch?v=8aFpbjK64fk
Just Dance 2018: Despacito (3 Players),https://www.youtube.com/watch?v=-naODqbb4B0
Just Dance 2018: Despacito (Vers√£o extrema),https://www.youtube.com/watch?v=BZ5C-lq6Kzw
Just Dance 2018: Dharma,https://www.youtube.com/watch?v=YjfWy9R-67Q
Just Dance 2018: Dharma (Vers√£o luta),https://www.youtube.com/watch?v=M0yRreDufO4
Just Dance 2018: Diggy,https://www.youtube.com/watch?v=3WwFYV6I0o4
Just Dance 2018: Fearless Pirate,https://www.youtube.com/watch?v=TPXoxjy-RKk
Just Dance 2018: Fight Club,https://www.youtube.com/watch?v=kX9Vk0PCCgg
Just Dance 2018: Footloose,https://www.youtube.com/watch?v=V3RG7EVvLdI
Just Dance 2018: Got That,https://www.youtube.com/watch?v=lg-XapP0epM
Just Dance 2018: In The Hall Of The Pixel King,https://www.youtube.com/watch?v=OirUr9-j7VA
Just Dance 2018: John Wayne,https://www.youtube.com/watch?v=KPNeQlflTSU
Just Dance 2018: John Wayne (Vers√£o extrema),https://www.youtube.com/watch?v=ubijRFcxE04
Just Dance 2018: Kissing Strangers,https://www.youtube.com/watch?v=PlkCV4Ey-B4
Just Dance 2018: Kissing Strangers (Vers√£o charleston),https://www.youtube.com/watch?v=t5v8b_Bbd94
Just Dance 2018: Love Ward,https://www.youtube.com/watch?v=-3ORYC-Y-Gs
Just Dance 2018: Make It Jingle,https://www.youtube.com/watch?v=44zfbfDAsQM
Just Dance 2018: Naugthy Girl,https://www.youtube.com/watch?v=0bZbusRBSvc
Just Dance 2018: New Face,https://www.youtube.com/watch?v=gAdjcbGpJDY
Just Dance 2018: Rockabye,https://www.youtube.com/watch?v=4eud5dIAXPw
Just Dance 2018: Sayonara,https://www.youtube.com/watch?v=db0R7ts63JQ
Just Dance 2018: Shape Of You,https://www.youtube.com/watch?v=Bjh5wHglC1k
Just Dance 2018: Side To Side,https://www.youtube.com/watch?v=8v926aQ1zDo
Just Dance 2018: Side To Side (Vers√£o ciclismo),https://www.youtube.com/watch?v=tOGXcEFc9HI
Just Dance 2018: Tumbum,https://www.youtube.com/watch?v=YdDWdHFH1EQ
Just Dance 2018: Tumbum (Vers√£o extrema),https://www.youtube.com/watch?v=QLoM6chCyz8
Just Dance 2018: Sugar Dance,https://www.youtube.com/watch?v=kP7vUn33uGU
Just Dance 2018: Swish Swish (2 Players),https://www.youtube.com/watch?v=ut5-9gW0HGc
Just Dance 2018: Waka Waka (This Time For Africa),https://www.youtube.com/watch?v=1ehymKjsW8E
Just Dance 2019: A Little Party Never Killed Nobody (All We Got),https://www.youtube.com/watch?v=2En9zgmwMrM
Just Dance 2019: A Little Party Never Killed Nobody (All We Got) - Vers√£o anos 20,https://www.youtube.com/watch?v=SOB351Unqsw
Just Dance 2019: Adeyyo,https://www.youtube.com/watch?v=pRsYZ4Gcf2Y
Just Dance 2019: Bang Bang Bang,https://www.youtube.com/watch?v=LbqcN7JhTss
Just Dance 2019: Bang Bang Bang (Vers√£o extrema),https://www.youtube.com/watch?v=0sd0QegCq0s
Just Dance 2019: Bum Bum Tam Tam,https://www.youtube.com/watch?v=KatqpM7-x9I
Just Dance 2019: √áa Plane Pour Moi,https://www.youtube.com/watch?v=3qG22Y7dm4g
Just Dance 2019: Familiar,https://www.youtube.com/watch?v=3aCUDO0OMNs
Just Dance 2019: Finesse (Vers√£o extrema),https://www.youtube.com/watch?v=2sYjdIN6rv0
Just Dance 2019: Fire,https://www.youtube.com/watch?v=DVWTuUEqeng
Just Dance 2019: Fire On The Dancefloor,https://www.youtube.com/watch?v=K3YNuKlA7kw
Just Dance 2019: Havana,https://www.youtube.com/watch?v=zARI9hxqxRM
Just Dance 2019: Havana (Vers√£o tango),https://www.youtube.com/watch?v=pElmR7GBYas
Just Dance 2019: I'm Still Standing,https://www.youtube.com/watch?v=Nj9Wz1uXcsk
Just Dance 2019: Mad Love,https://www.youtube.com/watch?v=idS0Ae17KSE
Just Dance 2019: Mad Love (Vers√£o extrema),https://www.youtube.com/watch?v=wqlpaXPh_MU
Just Dance 2019: Make Me Feel,https://www.youtube.com/watch?v=KhxJ8Ojf8XA
Just Dance 2019: Mama Mia,https://www.youtube.com/watch?v=jQQ7wLruBTQ
Just Dance 2019: Mi Mi Mi (Vers√£o com atitude),https://www.youtube.com/watch?v=t2ndGC7n_60
Just Dance 2019: Milosc W Zakopanem,https://www.youtube.com/watch?v=1zWsASSn1g0
Just Dance 2019: Narco,https://www.youtube.com/watch?v=cQtAZ-lVLyY
Just Dance 2019: New Reality,https://www.youtube.com/watch?v=pvX7ayUGxjY
Just Dance 2019: New Rules,https://www.youtube.com/watch?v=df-isfXyt4s
Just Dance 2019: New Rules (Vers√£o extrema),https://www.youtube.com/watch?v=9CXXS3zldUU
Just Dance 2019: New World,https://www.youtube.com/watch?v=SWJ2veRyobU
Just Dance 2019: Nice For What,https://www.youtube.com/watch?v=yAvEt3cZI2I
Just Dance 2019: No Tears Left To Cry,https://www.youtube.com/watch?v=UB0NK_avLlE
Just Dance 2019: Not Your Ordinary,https://www.youtube.com/watch?v=EIL_QOVGOeU
Just Dance 2019: Obsesi√≥n,https://www.youtube.com/watch?v=2AMleGPh_mM
Just Dance 2019: OMG (Vers√£o extrema),https://www.youtube.com/watch?v=mcYesb6qCTI
Just Dance 2019: Pac-Man,https://www.youtube.com/watch?v=eqwXK2TbuL0
Just Dance 2019: Rhythm Of The Night,https://www.youtube.com/watch?v=12ypwY8sqm4
Just Dance 2019: Shaky Shaky,https://www.youtube.com/watch?v=vK9-GpUW-9I
Just Dance 2019: Sugar,https://www.youtube.com/watch?v=9jopfWudYww
Just Dance 2019: Sweet Little Unforgettable Thing,https://www.youtube.com/watch?v=5WTEgP7gUEE
Just Dance 2019: Sweet Sensation,https://www.youtube.com/watch?v=jkGH7JIHDSk
Just Dance 2019: Un Poco Loco,https://www.youtube.com/watch?v=5ifLmvw-jcg
Just Dance 2019: Where Are You Now? (Vers√£o esconde-esconde),https://www.youtube.com/watch?v=FdC1LqUIcmY
Just Dance 2019: Bum Bum Tam Tam (Vers√£o Cientista Maluco),https://www.youtube.com/watch?v=NjRXPxz0jL4
Just Dance 2019 Unlimited - Wake Me Up Before You Go-Go (NO AUDIO) - SUPERSTAR,https://www.youtube.com/watch?v=zWnvxM5cs8g
Robin Thicke   BLURRED LINES Lyrics & Dance Moves Just Dance 2014) (HD),https://www.youtube.com/watch?v=2-yKZv77RYo
Just Dance 4 - Professor Pumplestickle (DLC) 5 √©toiles ‚≠êÔ∏è‚≠êÔ∏è‚≠êÔ∏è‚≠êÔ∏è‚≠êÔ∏è,https://www.youtube.com/watch?v=n6uFqTh3n7s
Good Girl (Just Dance 4) *5,https://www.youtube.com/watch?v=cfw0pyEXOAQ
Just Dance 2014 Wii U Gameplay - Bog Bog Orkestar: Isidora,https://www.youtube.com/watch?v=PDdmCdbvx0U
The Way - Ariana Grande Ft.  Mac Miller | Just Dance 2014,https://www.youtube.com/watch?v=eZVYcyJoPzg
Just Dance 2018 (Unlimited): Miss Understood,https://www.youtube.com/watch?v=ftzNL18PRxg
Just Dance Hits: Feel This Moment by Pitbull ft. Christina Aguilera [12.5k],https://www.youtube.com/watch?v=mg4QdDSu8EI
Just Dance 2019 (Unlimited): Nitro Bot,https://www.youtube.com/watch?v=xrGYmZxYVcg
Just Dance 2014 - Turn up the Love,https://www.youtube.com/watch?v=ZoBKemKNjM4
üåüJust Dance 2017 Unlimited: Turn Up The Love (Sumo Version) - Far East Movement ft Cover Driveüåü,https://www.youtube.com/watch?v=eeSOVhAQoQ4
Just Dance 2014  Mungo Jerry   In The Summertime 5 Stars,https://www.youtube.com/watch?v=jn4SaXtw-0g
Just Dance 2014-Follow the Leader (Sweat Version)-5 Stars,https://www.youtube.com/watch?v=3HN1Y3VGXGI
Just Dance 2014 Wii U Gameplay - Kesha : C'mon,https://www.youtube.com/watch?v=bl399rfzD5s
Just Dance 2018 (Unlimited): Aquarious/Let The Sunshine In,https://www.youtube.com/watch?v=Bo8_BntE1yw
Just Dance 2019 (Unlimited): Maps,https://www.youtube.com/watch?v=fQ2tuBCq-t0
Just Dance 2015 - Challenge Mode Gameplay - Speedy Gonzales [ HD ],https://www.youtube.com/watch?v=EH-Ig1Xv0vU
Just Dance 2015 - Epic Sirtaki,https://www.youtube.com/watch?v=V_sS6LDUHmw
"Just Dance 2015 - Me and My Broken Heart - Rixton, 5* GamePlay - 1080p HD",https://www.youtube.com/watch?v=OcYYKHVN0MQ
Just Dance 2015 - Till I Find You,https://www.youtube.com/watch?v=xV3dqkP1RrY
Just Dance 2018 (Unlimited): What About Love,https://www.youtube.com/watch?v=4wpUUeRK11o
Just Dance 2015 Christmas Tree,https://www.youtube.com/watch?v=j3CHXyWRcu0
üåü It's My Birthday - William ft Cody Wise with Lyrics  | Just Dance 2015 Tripple Dance üåü,https://www.youtube.com/watch?v=g_ECj02k8Js
Just Dance 2015 - It‚Äôs my Bday - Will.i.am ft Cody Wise,https://www.youtube.com/watch?v=vEYuS_ffBU4
Just Dance 2015 - Happy Pharrell Williams Gameplay - 5 Stars Rating [ HD ],https://www.youtube.com/watch?v=G74_o_43_RQ
Just Dance 2015 - Problem,https://www.youtube.com/watch?v=v-8l_EBgloE
Just Dance 2020: Disney's Frozen - Let It Go (MEGASTAR),https://www.youtube.com/watch?v=RaRbd_52AfM
Just Dance 2015 - Tetris (Challengers),https://www.youtube.com/watch?v=oOJsePJlp2Q
You Spin me Round (Like a Record) by Dead or Alive - Just Dance 2015,https://www.youtube.com/watch?v=b_rI0UaI00g
JUST DANCE 2018 - Don‚Äôt Worry Be Happy - 5 STARS,https://www.youtube.com/watch?v=DYWms8G4m1k
Just Dance 2015 - ¬ª LOVE IS ALL ¬´ Wii U [HD],https://www.youtube.com/watch?v=f27Pqg2GD5Y
Just Dance 2015 - Mahna Mahna (Challengers),https://www.youtube.com/watch?v=wV4NzTLXwbo
Macarena   Just Dance 2015   Full Gameplay 5 Stars,https://www.youtube.com/watch?v=fR5sTs4nTXg
JUST DANCE 2015 - Black widow - *5 stars !!!!!!,https://www.youtube.com/watch?v=fIoAcWfpVaw
Just Dance 2019 (Unlimited): Let's Groove,https://www.youtube.com/watch?v=gpT7kYP-7Ts
Copacabana - Frankie Bostello [Just Dance 2016] - Spiderman Dance | Just Dance Real Dancer,https://www.youtube.com/watch?v=0rzZ_2x8Jtk
Just Dance 2020 (Unlimited) Oishii Oishii 5*‚Äôs Gameplay,https://www.youtube.com/watch?v=uoVQTvPdjQE
Just Dance 2019 (Unlimited): Te Dominar,https://www.youtube.com/watch?v=vXnSj0yCclw
üåü Just Dance 2017: Run the Night - Gigi Rowe - SuperStar üåü,https://www.youtube.com/watch?v=kcStkv3SiUA
Just Dance 2019 Unlimited (PS4): PoPiPo by Hatsune Miku ( MegaStar ),https://www.youtube.com/watch?v=ch1yKxrAjJs
Just Dance 2017 - Don't Wanna Know,https://www.youtube.com/watch?v=aBvz4GxFAIg
Just Dance 2017 - Hips Don't Lie (Sumo Version),https://www.youtube.com/watch?v=QwYqMzg6LfQ
üåü Just Dance 2017: Hips Don't Lie by Shakira | Just dance 2017 full gameplay | #JustDance2017 üåü,https://www.youtube.com/watch?v=jYoLNSzaUOQ
Just Dance 2017 | Like I Would,https://www.youtube.com/watch?v=TB7eiCGpg6g
La Bicicleta By Carlos vives Ft. Shakira - Just Dance 2017 Gameplay Super star,https://www.youtube.com/watch?v=K1gZ1g-SRUA
üåü  Just Dance 2017: Worth It by Fifth Harmony Ft. Kid Ink | full game play üåü,https://www.youtube.com/watch?v=Z9yFg55IVls
Just Dance 2017: Worth It - Extreme Crew Version - 5 stars,https://www.youtube.com/watch?v=fBVxwep-Y6U
Just Dance 2017 - RADICAL (Helmet Version),https://www.youtube.com/watch?v=2B1m9gH_jUc
Just Dance 2018 (Unlimited): Leila,https://www.youtube.com/watch?v=Wq0z3pyZBF4
Just Dance 2017 - Tico-Tico no Fub√°,https://www.youtube.com/watch?v=M07egCIUiGs
Just Dance 2018 (Unlimited): Wherever I Go,https://www.youtube.com/watch?v=dqr5FSjI5s8
Just Dance 2018 Make It Jingle Megastar,https://www.youtube.com/watch?v=ETVdSfgXlw0
Just Dance 2018 - The Way I Are (Dance With Somebody) Sub. English & Espa√±ol,https://www.youtube.com/watch?v=QqOZA2nA3lA
Just Dance 2018: Jorge Blanco - Risky Business,https://www.youtube.com/watch?v=To_jVuz3gkI
Just Dance 2019 (Unlimited): Blow Your Mind (Mwah),https://www.youtube.com/watch?v=jmdIqYLflag
Slumber Party | Just Dance 2018,https://www.youtube.com/watch?v=1wZ2N37YpwM
Keep On Moving | Just Dance 2018,https://www.youtube.com/watch?v=l8WxpazGFug
Just Dance 2019 | One Kiss,https://www.youtube.com/watch?v=d3YC4TifJVI
Just Dance (Unlimited) (Mod): Where Have You Been (Extreme) by Rihanna (Original Video of AndreV7),https://www.youtube.com/watch?v=pY0eyTakW7I
Just Dance 2014 - Where Have You Been | On Stage,https://www.youtube.com/watch?v=4E1De14tuDc
Just Dance 2014 Wii U Gameplay - Daddy Yankee: Limbo,https://www.youtube.com/watch?v=zBzdeWM3VvE
Just Dance¬Æ 2014 - Daddy Yankee - Limbo (SWEAT),https://www.youtube.com/watch?v=x372dV0owm8
Just Dance 2019 Bang Bang Bang 3 players,https://www.youtube.com/watch?v=7wHpnBcHh6k
Just Dance 2019 - Bang Bang Bang Extreme (All Perfect),https://www.youtube.com/watch?v=zk2yQKc700g
I Got You (I Feel Good) by James Brown | Just Dance Remastered WiiU,https://www.youtube.com/watch?v=RzDM5lQLxJI
Just Dance 2020: All I Want For Christmas Is You by Mariah Carey | Fanmade,https://www.youtube.com/watch?v=8jn_f5tVhR8
JUST DANCE 2015 - 4X4 -  * 5 stars,https://www.youtube.com/watch?v=erq5xH9jDQk
Super Bass - Nicki Minaj | Just Dance 4,https://www.youtube.com/watch?v=MCxmee3Isv4
Just Dance Greatest Hits   Alright   Supergrass 5 ‚òÜ‚òÜ‚òÜ‚òÜ‚òÜ,https://www.youtube.com/watch?v=_Xxmng2nUl8
Alright (Just Dance Greatest Hits) *5,https://www.youtube.com/watch?v=8kKmX8Zghzs
Big Girl ( You are beautiful ) MIKA Just Dance 2019 ( Unlimited ) MEGASTAR 5 √©toiles,https://www.youtube.com/watch?v=KIuUrr7ca-0
Just Dance Hits: D.A.N.C.E. by Justice [12.3k],https://www.youtube.com/watch?v=yfY35esJnRg
Just Dance 2016 - Dagomba - Sorcerer - 100% Perfect FC #41,https://www.youtube.com/watch?v=8ncFCvGKQrE
Just Dance 2018 (Unlimited): Funkytown,https://www.youtube.com/watch?v=aSyRGVHMDRw
Just Dance 2018 (Unlimited): Hot Stuff,https://www.youtube.com/watch?v=YmVsT7JZ5uc
Just Dance 2018 Unlimited - I Want You Back 5* Megastar (13000+),https://www.youtube.com/watch?v=KWm5j63U-AM
Les TWINS   Just Dance Kriss Kross Greatest Hits   Jump   5  Stars,https://www.youtube.com/watch?v=AuNM-_PLhR4
Just Dance 2020: Studio Musicians - Jungle Boogie (MEGASTAR),https://www.youtube.com/watch?v=nLfZ8um5fAU
Just Dance 2 - Should I Stay or Should I Go - The Clash,https://www.youtube.com/watch?v=9G3h3KXwR4o
Just Dance 2   Sympathy For The Devil Fatboy Slim Remix,https://www.youtube.com/watch?v=McAbcL9UcrI
Just Dance 2 The Shoop Shoop Song,https://www.youtube.com/watch?v=fzXT7Y-3B98
when i grow up | just dance edge gameplay,https://www.youtube.com/watch?v=WaG4llx2hIw
Just Dance Unlimited - ( MAMBO NO .5 ),https://www.youtube.com/watch?v=SjPu9_Tsuik
Barbie Girl (Just Dance Greatest Hits) *5,https://www.youtube.com/watch?v=Ath4zFj73rA
Just Dance 2020: Katy Perry - Firework (MEGASTAR),https://www.youtube.com/watch?v=HuSqS--WDjI
Just Dance Hits: Pon de Replay by Rihanna [12.0k],https://www.youtube.com/watch?v=KOUn9pi8Urs
Just Dance 2020: M/A/R/R/S - Pump Up the Volume (MEGASTAR),https://www.youtube.com/watch?v=zTB_OlyEVm8
Maniac - Studio Allstars - Just Dance Olympus (JD 2017 MOD),https://www.youtube.com/watch?v=BDpOYD2nk4Y
00 Walkthrough FR l Just Dance Extra Songs l Born To Be Wild,https://www.youtube.com/watch?v=cNHRSZt_6t0
Just Dance 2014 - Flashdance‚Ä¶ What A Feeling,https://www.youtube.com/watch?v=o3K9wohrs-Q
Just Dance Gold: Maniac by Studio Allstars | Fanmade Track Gameplay [US],https://www.youtube.com/watch?v=Kb0ShstzS1s
Just Dance {Unlimited 2} 2017‚Ä¢ Professor Pumplestickle _ Nick Phoenix and Thomas Bergersen [CLASSIC],https://www.youtube.com/watch?v=M8jYofLVVCU
Just Dance Unlimited - Crying Blood - V V Brown,https://www.youtube.com/watch?v=oVrKt5Bt0uY
Just Dance 2016 - Down by the Riverside - The Reverend H. Duncan & Amos Sweets - 100% Perfect FC #40,https://www.youtube.com/watch?v=gWkH0LsMfH4
Just Dance 2020: The World Cup Girls - Futebol Crazy (MEGASTAR),https://www.youtube.com/watch?v=zuTCfrlC0es
Just Dance 2020: Carl Douglas - Kung Fu Fighting (Dave Ruffy/Mark Wallis Remix) - (MEGASTAR),https://www.youtube.com/watch?v=4m8wTbAi4Gc
Just Dance 2018 (Unlimited): Nine In The Afternoon,https://www.youtube.com/watch?v=GvfesBmYmxg
Just Dance 2 - It's Not Unusual (DLC) 5 √©toiles ‚≠êÔ∏è‚≠êÔ∏è‚≠êÔ∏è‚≠êÔ∏è‚≠êÔ∏è,https://www.youtube.com/watch?v=xl0R5sSUv4A
Just Dance 2020: A Band of Gees - Chicken Payback (MEGASTAR),https://www.youtube.com/watch?v=6XoxaBRFTwY
Just Dance Now Santa Clones [Crazy Christmas],https://www.youtube.com/watch?v=bp-E24Hm3Ac
Just Dance 3 DLC - Skin-to-Skin - Sweat Invaders - 5 Stars,https://www.youtube.com/watch?v=r7tYZXTL9Zw
Airplanes - Just Dance Now 2016 (Unlimited) - Full Gameplay 5 Stars,https://www.youtube.com/watch?v=Gj2eRYbHINE
Just Dance 3 Are You Gonna Go My Way   Lenny Kravitz,https://www.youtube.com/watch?v=4oBwNxmcLJc
Just Dance 3 Da Funk,https://www.youtube.com/watch?v=OvD9nnZWEOE
Just Dance 2016 - E.T - Katy Perry - Just Dance Unlimited,https://www.youtube.com/watch?v=_kz2TqUk_Jo
üåü Just Dance 2017: Bonbon by Era Istrefi - Full Gameplay üåü,https://www.youtube.com/watch?v=jtng7Rnn_TE
üåü Just Dance 2017: Don't Stop Me Now by Queen - 5 Stars üåü,https://www.youtube.com/watch?v=IOu4jVCrerI
Just Dance 2018 (Unlimited): Rock N Roll,https://www.youtube.com/watch?v=4QyGK8HtgLc
Just Dance 2018 (Unlimited): I Love Rock 'N' Roll,https://www.youtube.com/watch?v=oeKTGqGZb7E
Just Dance 2019 (Unlimited): Into You,https://www.youtube.com/watch?v=oxioohk_i9M
Just Dance China: Leg Song by LULU [12.3k],https://www.youtube.com/watch?v=gE8dDV-XCEs
Just Dance China: The Moon Represents My Heart by Teresa Teng [12.7k],https://www.youtube.com/watch?v=mSaM3yScgjY
Just Dance 2019 (Unlimited): Lush Life,https://www.youtube.com/watch?v=2ZWN-x8CwLA
Just Dance 2016 - Ghostbusters [Sweat] - Ray Parker Jr. - 100% Perfect FC #42,https://www.youtube.com/watch?v=o6o7Evpt6S0
Just Dance 2018 (Unlimited): Like I Would,https://www.youtube.com/watch?v=NVgI3Ai1vW0
Just Dance 2019 (Unlimited): Little Swing,https://www.youtube.com/watch?v=1rRuysXMbWE
Just Dance 2017 (China) Qia La Yong Yuan OK Gameplay,https://www.youtube.com/watch?v=xcUO7v2OqxI
Just Dance 2017 : RADICAL - Dyro & Dannic | 5 Stars | Just Dance Like All Star,https://www.youtube.com/watch?v=yvcmLZLtfEs
Just Dance 2018 (Unlimited): September,https://www.youtube.com/watch?v=dhKkiXHQrIk
üåü Just Dance 2017: September - Disco (Fitness Version) - superstar üåü,https://www.youtube.com/watch?v=X2pnjjrIBWs
Just Dance 2018 (Unlimited): Single Ladies (Put a Ring on It),https://www.youtube.com/watch?v=AITiEKLQeoY
üåü Sorry - Justin Bieber [Just Dance 2017] - 5 Stars | Ubisoft Just Dance 2017 E3 Preview üåü,https://www.youtube.com/watch?v=YpxLfPX8ycE
üåü  Just Dance 2017: Titanium - David Guetta ft  Sia -  superstar gameplay üåü,https://www.youtube.com/watch?v=uX1sirWd23E
üåü Just Dance 2017 : Watch Me (Whip/Nae Nae) - Silent√≥ | 5 Star üåü,https://www.youtube.com/watch?v=bMZAuhadz2Y
üåü Just Dance 2017: What is love by Ultraclub 90 üåü,https://www.youtube.com/watch?v=U2rxDPT9GvI
Just Dance 2018 (Unlimited): Let Me Love You,https://www.youtube.com/watch?v=9ufsTy0icFA
Just Dance 2018 (Unlimited): YOUTH,https://www.youtube.com/watch?v=4RmA7aIddtI
üåü Just Dance 2017: Don‚Äôt Let Me Down - The Chainsmokers ft  Daya - Challenge üåü,https://www.youtube.com/watch?v=4e33gj1W0EY
Just Dance 2018 (Unlimited): Imya 505,https://www.youtube.com/watch?v=U2HFShbY4gU
Just Dance 2018 (Unlimited): Je Sais Pas Danser,https://www.youtube.com/watch?v=metx-r7M-7E
Just Dance 2018 (Unlimited): The Greatest,https://www.youtube.com/watch?v=m40Jct7lNrY
Just Dance 2018 (Unlimited): Juju On That Beat (TZ Anthem),https://www.youtube.com/watch?v=TIfHV-Xq9VI
Just Dance 2018 (Unlimited): Don't Worry,https://www.youtube.com/watch?v=mn5B9hl5ph8
Just Dance 2019 (Unlimited): Don't You Worry Child,https://www.youtube.com/watch?v=iYI2c22zATE
Me Too | Just Dance 2018,https://www.youtube.com/watch?v=iu1BeHcBwII
Just Dance 2019 Unlimited (Ps4) :  How Deep Is Your Love by Calvin Harris & Disciples,https://www.youtube.com/watch?v=AUw4YDqzbrI
5‚òÜ Stars - How Deep Is Your Love - Just Dance 2017 - Kinect,https://www.youtube.com/watch?v=qbwWvFgLRLM
üåü Just Dance 2017 Unlimited : Mashed Potato Time by Dee Dee Sharp - SUPERSTAR üåü,https://www.youtube.com/watch?v=uRDsHaXZ6kU
Just Dance 2018 (Unlimited): Ain't My Fault,https://www.youtube.com/watch?v=F2TKhf_xImw
Just Dance 2020: Wham! - Wake Me Up Before You Go-Go (Versi√≥n Alternativa) - (MEGASTAR),https://www.youtube.com/watch?v=6_nI2gtM0AI
Just Dance 2019(Unlimited)-Another One Bites The Dust(Alternate) 5*MEGASTAR,https://www.youtube.com/watch?v=QIk3OCdHRmA
Just Dance 2018 - Another One Bites The Dust 5* Megastar (13000+),https://www.youtube.com/watch?v=lxMlClQYvSc
Carmen (Ouverture) - Just Dance 2018 (Megastar - 5*),https://www.youtube.com/watch?v=9iCubMhbVy4
{¬∞Just Dance 2018¬∞} - Itsy Bitsy Teenie Weenie - 5 Stars,https://www.youtube.com/watch?v=73yuaFzP3Zk
All You Gotta Do (Is Just Dance) - The Just Dance Band - Just Dance 2019,https://www.youtube.com/watch?v=wGgRVud5ijg
Just Dance 2019 (Unlimited): Swish Swish,https://www.youtube.com/watch?v=J-fuU87BbNU
Just Dance 2018 (Unlimited): Prince Ali,https://www.youtube.com/watch?v=ZDiUoFnqGFQ
I Like To Move It Just Dance,https://www.youtube.com/watch?v=H_rRYdNCu_k
Just Dance 2017 - The Lions Sleeps Tonight - All Perfect,https://www.youtube.com/watch?v=MnWvsVrgKNY
[Just Dance 2018] Ubisoft Meets Nintendo - Just Mario Gameplay,https://www.youtube.com/watch?v=RxwziZzFef4
Sun | Just Dance 2018 Unlimited,https://www.youtube.com/watch?v=9n8gScxsjQs
Just Dance 2018 (Unlimited): J'Suis Pas Jalouse,https://www.youtube.com/watch?v=RQjRam3u5kA
Just Dance 2019 (Unlimited): Error,https://www.youtube.com/watch?v=EUySMhKfFFc
Just Dance 2018 - Blue (Da Ba Dee) [Original Song],https://www.youtube.com/watch?v=AFIqSaZM2D0
Feel It Still | Just Dance 2018,https://www.youtube.com/watch?v=f4Be5BSN3ZY
Just Dance 2018 (Unlimited): Sax,https://www.youtube.com/watch?v=y1fd7-XljXQ
What Lovers Do | Just Dance 2018,https://www.youtube.com/watch?v=J21d603A7T4
Just Dance 2020: El Chombo ft. Cutty Ranks - Dame tu Cosita (MEGASTAR),https://www.youtube.com/watch?v=8KlPujt50U0
Just Dance 2018 (Unlimited): Dancing Queen,https://www.youtube.com/watch?v=OQD75k0fHog
Just Dance 2017 (Unlimited) | Dancing Queen (Sing Along) - World Video Challenge,https://www.youtube.com/watch?v=vm_l0r-HxyU
No Lie | Just Dance 2018,https://www.youtube.com/watch?v=zhmuZ1Lxz0s
Dame Tu Cosita - Just Dance 2018 (Unlimited) [Fan Made],https://www.youtube.com/watch?v=5J4OdXW3WQ4
Just Dance 2018 ‚Ä¢ Waka Waka (Football Version),https://www.youtube.com/watch?v=gVfgTw_W_JY
JUST DANCE 2018 KIDS Amazing Girl By The Girly Team 5 STARS (Wii),https://www.youtube.com/watch?v=LlVj-T19Khk
Just Dance 2020 : Just Dance Kids (Amazing Girl),https://www.youtube.com/watch?v=d7elyswpxrc
Just Dance 2017- A Pirate You Shall Be - All Perfect,https://www.youtube.com/watch?v=gdFsn__1Zx0
Just Dance 2014 Y.M.C.A. by The Village People Music & Lyrics Video YMCA,https://www.youtube.com/watch?v=YCDCwuGcEmA
Just Dance Unlimited 2017‚Ä¢ Ona Ta≈Ñczy Dla Mnie _ Weekend [CLASSIC],https://www.youtube.com/watch?v=rrsnfDgQRdk
Just Dance 2021 - Rain On Me | Lady Gaga & Ariana Grande,https://www.youtube.com/watch?v=xX1OZ75ECOc
Just Dance 2021: Uno by Little Big |Full Gameplay 1080p,https://www.youtube.com/watch?v=jo59XSz9Llg
MEGASTAR - Work Work - Just Dance 2019 - Kinect,https://www.youtube.com/watch?v=NA7shs-6IYo
MEGASTAR - Work Work - Just Dance 2019 - Kinect,https://www.youtube.com/watch?v=NA7shs-6IYo
Britney Spears Work Work Just Dance 2019 (EXTREME),https://www.youtube.com/watch?v=YZ2q5gGnRS8
Mamma mia by ABBA|just dance 2019 UNLIMITED,https://www.youtube.com/watch?v=JMeAuUc45sg
Mamma mia by ABBA|just dance 2019 UNLIMITED,https://www.youtube.com/watch?v=JMeAuUc45sg
Just Dance Now - Que Tire Pa Lante by Daddy Yankee - Megastar Just Dance 2021,https://www.youtube.com/watch?v=56cCCflXa4Q
Just Dance Now - Que Tire Pa Lante by Daddy Yankee - Megastar Just Dance 2021,https://www.youtube.com/watch?v=56cCCflXa4Q
Just Dance 2014: Applause - Alternate (Coreografia oficial),https://www.youtube.com/watch?v=1k9s9eD26P4
Just Dance 2014: Applause - Alternate (Coreografia oficial),https://www.youtube.com/watch?v=1k9s9eD26P4
Just Dance 2018 (Unlimited): Applause,https://www.youtube.com/watch?v=GytFsd_WTGY
Just Dance 2018 (Unlimited): Applause,https://www.youtube.com/watch?v=GytFsd_WTGY
üåü Just Dance 2017: Can't Feel My Face by The Weekn | Full gameplay 5 starsüåü,https://www.youtube.com/watch?v=B9mlsJvS9Ik
üåü Just Dance 2017: Can't Feel My Face by The Weekn | Full gameplay 5 starsüåü,https://www.youtube.com/watch?v=B9mlsJvS9Ik
Just Dance 2020: Queen - Don't Stop Me Now (Versi√≥n Panda) - (MEGASTAR),https://www.youtube.com/watch?v=2xUuFN5Y71I
Just Dance 2020: Queen - Don't Stop Me Now (Versi√≥n Panda) - (MEGASTAR),https://www.youtube.com/watch?v=2xUuFN5Y71I
üåü Just Dance 2017: Groove by Jack & Jack üåü,https://www.youtube.com/watch?v=2GE4hc83D5g
Just Dance 2017 - I Love Rock'N'Roll,https://www.youtube.com/watch?v=0mayaCmjiHc
MEGASTAR - Into You - Just Dance 2018 - Kinect,https://www.youtube.com/watch?v=WyAwc_c20lQ
MEGASTAR - Into You - Just Dance 2018 - Kinect,https://www.youtube.com/watch?v=WyAwc_c20lQ
Just Dance 2021 (Unlimited): Last Christmas by Santa Clones,https://www.youtube.com/watch?v=FraQrF-K5gM
Just Dance 2021 (Unlimited): Last Christmas by Santa Clones,https://www.youtube.com/watch?v=FraQrF-K5gM
Just Dance 2014 Wii U Gameplay - Mick Jackson: Blame it on the Boogie,https://www.youtube.com/watch?v=D3ergeLhR9w
Just Dance 2014 - Blame It On the Boogie (Extreme) - Mick Jackson - 5 Stars,https://www.youtube.com/watch?v=ebwQHLJBlYE
Just Dance 2014 - Troublemaker (SWEAT),https://www.youtube.com/watch?v=gLEoaPhcI3Y
Just Dance 2014 - I Kissed a Girl (SWEAT),https://www.youtube.com/watch?v=ED1rL_5d2Qc
Just Dance 2014 - It's You (SWEAT),https://www.youtube.com/watch?v=4kFZvBkODro
Just Dance 2020 (Unlimited) | Troublemaker,https://www.youtube.com/watch?v=2ABEKrS4cWI
Just Dance 2018 (Unlimited): C'mon,https://www.youtube.com/watch?v=EFFOHC8-8-U
Just Dance 2014- Rich Girl (Chair) 5* Stars,https://www.youtube.com/watch?v=n0DRbI5gxTc
Just Dance 2020: Chris Brown - Fine China (MEGASTAR),https://www.youtube.com/watch?v=VR8TjtJN1Gk
Just Dance 2020 Unlimited - Fine China (Extreme Version) | 5* Megastar | 13000+,https://www.youtube.com/watch?v=Fo9cjBrZvgY
Just Dance 2020: ABBA - Fernando (MEGASTAR),https://www.youtube.com/watch?v=NeTJ-UX45Wg
Just Dance 2017 (Unlimited) - Summer,https://www.youtube.com/watch?v=iUUxXQhGsBk
Just Dance 2015- Summer (Fitness Dance) 5* Stars,https://www.youtube.com/watch?v=JwR2RZuCuDI
Just Dance 2020 - I Am The Best (ÎÇ¥Í∞Ä Ï†úÏùº Ïûò ÎÇòÍ∞Ä) | 5* Megastar | 13000+,https://www.youtube.com/watch?v=T75McKj1FF4
Just Dance 2020 - The Time (Dirty Bit) Extreme - All Perfects,https://www.youtube.com/watch?v=2NGt0p_aiGQ
Just Dance 2018 (Unlimited): I Need Your Love,https://www.youtube.com/watch?v=BOmPiCPXyfo
Just Dance 2018 (Unlimited): I Will Survive,https://www.youtube.com/watch?v=pGV4ul738Wg
Just Dance 2019 (Unlimited): India Waale,https://www.youtube.com/watch?v=TOb7-SXEGbI
Just Dance 2014 - I Will Survive (ON STAGE),https://www.youtube.com/watch?v=0Vuk-FF5FSA
Just Dance 2018 (Unlimited): Boom Clap,https://www.youtube.com/watch?v=GSY4PJW3XkM
Just Dance 2015: Break Free,https://www.youtube.com/watch?v=aIt0vyphmYk
Just Dance 2019 - Cake By The Ocean - 5 stars (ËÄ≥Ê©üÁâà),https://www.youtube.com/watch?v=eKB8UxdxKBs
Just Dance 2019 (Unlimited): Peanut Butter Jelly,https://www.youtube.com/watch?v=SrKUsNWXZ2Y
Just Dance 2018 (Unlimited): Part Of Me,https://www.youtube.com/watch?v=oQkAowJ9h_U
Just Dance 2018 (Unlimited): PrimaDonna,https://www.youtube.com/watch?v=kyk033oI6mQ
Just Dance 2017 - Lean On (Scarf Version),https://www.youtube.com/watch?v=MuaeveuPH7Q
Just Dance 2018: Lady Gaga - John Wayne,https://www.youtube.com/watch?v=HKMbnHELrKs
Just Dance 2019 (Unlimited): John Wayne (Vers√£o extrema),https://www.youtube.com/watch?v=jTEPbzPil_g
Just Dance 2018 (Unlimited): Just A Gigolo,https://www.youtube.com/watch?v=_t44jimgYh0
Just Dance 2016 (Unlimited) - Fame - 5 Stars,https://www.youtube.com/watch?v=xcrhizzbF_M
Just Dance 2014 - Just Dance (ON STAGE),https://www.youtube.com/watch?v=JFyb-6929JY
Lady Gaga Just Dance Alternate - 5 Stars - Just Dance 2017 (PC),https://www.youtube.com/watch?v=ELHAID7gpfA
Just Dance 2020 | Telephone By Lady Gaga ft. Beyonc√© | Fanmade by JAMAA,https://www.youtube.com/watch?v=AompHPFPLEA
Just Dance 2019 (Unlimited): Starships,https://www.youtube.com/watch?v=Y4_qz8RZPt0
Just Dance 2015- Love Me Again 5* Stars,https://www.youtube.com/watch?v=hfGxbOOPNKs
Just Dance Hits: Only Girl (In The World) by Rihanna [12.9k],https://www.youtube.com/watch?v=dKR8rIh7aQQ
Just dance 2018 Baby Dont Stop Now by Anja,https://www.youtube.com/watch?v=NmUIPD7n310
Just Dance 4 - Brand New Start - Anja - 5 Stars,https://www.youtube.com/watch?v=InXi5vHO3xU
Just Dance Hits - Can't Get You Out Of My Head - Kylie Minogue (Superstar),https://www.youtube.com/watch?v=LSIE9UsE6YQ
Just Dance 2014- Wild/ 5* Stars,https://www.youtube.com/watch?v=AZBqDy3_QgE
Just Dance 2018 (Unlimited): You Make Me Feel...,https://www.youtube.com/watch?v=hF1FHjI2Cgw
Just Dance¬Æ 2014 - I Kissed A Girl - 5 Stars*,https://www.youtube.com/watch?v=8K175o9o6PU
Just Dance 2014 - I Kissed a Girl (ON STAGE),https://www.youtube.com/watch?v=-mROkJJ0ucI
Just Dance Hits: It‚Äôs My Birthday by will.i.am ft. Cody Wise [11.1k],https://www.youtube.com/watch?v=GQwriWlFJtw
Ain‚Äôt No Other Man by The Girly Team | Just Dance Remastered WiiU,https://www.youtube.com/watch?v=S1alMZ6eThc
Just Dance 2015- I Love It 5* Stars,https://www.youtube.com/watch?v=hKtk6_5UZBA
Just Dance 2015: Ain't No Mountain High Enough,https://www.youtube.com/watch?v=CpjPKIUGSE4
Just Dance Unlimited - Heart of Glass (All Perfect),https://www.youtube.com/watch?v=wnw4_ZfVmrA
Just Dance Hits: We Can‚Äôt Stop by Miley Cyrus [11.8k],https://www.youtube.com/watch?v=M3ZCn6D9ZIY
Just Dance 2018 (Unlimited): One Way Or Another (Teenage Kicks),https://www.youtube.com/watch?v=6J2Dn-f6eDI
Just Dance 3 | Teenage Dream - Katy Perry | Gameplay,https://www.youtube.com/watch?v=a-r4oE2U5IQ
What Makes You Beautiful (Extreme Version - Just Dance 4) *5,https://www.youtube.com/watch?v=OT9IrnWsFe4
Just Dance 2015: Dark Horse,https://www.youtube.com/watch?v=_qH6DakB_a8
Ain't My Fault - Zara Larsson - Just Dance 2019,https://www.youtube.com/watch?v=OdCkCAPyNKI
Just Dance 2018 (Unlimited): Hold My Hand,https://www.youtube.com/watch?v=gyV35soLLDk
Just Dance 2018 (Unlimited): Die Young,https://www.youtube.com/watch?v=r9srBOiUvpo
Just Dance 2015-Stromae-Papaoutai (Full Gameplay Wii U),https://www.youtube.com/watch?v=cfYzSjSg-J0
Just Dance 2015 - Papaoutai African Dance - 5* - Gameplay - 1080p HD - Wii U,https://www.youtube.com/watch?v=QjCOU0_m9Xg
Just Dance 2018 (Unlimited): We R Who We R,https://www.youtube.com/watch?v=vp55WRW2eLc
Just Dance 2020 - Old Town Road (Remix),https://www.youtube.com/watch?v=fkjUgVdAPlE
Just Dance 2020: Taki Taki,https://www.youtube.com/watch?v=rX1R1-aLVK4
Just Dance 2020: Con Altura,https://www.youtube.com/watch?v=8zIh89Uz3BM
Just Dance 2020 - Get Busy | 5* Megastar | 13000+,https://www.youtube.com/watch?v=Ak2v_bJmRDY
Just Dance 2020: Chromeo - Fancy Footwork (MEGASTAR),https://www.youtube.com/watch?v=UBaA_Y89Mgw
Just Dance 2020 | Soy Yo - Alternate,https://www.youtube.com/watch?v=RevoZjD1s34
JUST DANCE 2020 - (stop moving),https://www.youtube.com/watch?v=5T0KVtl-idc
Just Dance 2020: Britney Spears ft. Tinashe - Slumber Party (MEGASTAR),https://www.youtube.com/watch?v=MH2_4WBD3JU
Just Dance 2020: God Is A Woman by Ariana Grande,https://www.youtube.com/watch?v=PvWGgZyRAig
Just Dance 2020: God Is A Woman (Goddess Version),https://www.youtube.com/watch?v=ICmABsF-qS0
Just Dance 2020 - Bangarang | 5* Megastar | 13000+,https://www.youtube.com/watch?v=5pb-txxfRDk
Just Dance 2020 - Bangarang (Extreme Version) | 5* Megastar | 13000+,https://www.youtube.com/watch?v=Cl-ogl2AHDs
Just Dance 2020: My New Swag - 5 stars M,https://www.youtube.com/watch?v=4gHc9fHGgqY
Just Dance 2020 - Keep In Touch | 5* Megastar | 13000+,https://www.youtube.com/watch?v=Pdo2eCGEEiU
Just Dance 2020: Infernal Galop (Can-Can),https://www.youtube.com/watch?v=7RSxz2sfj0o
Just Dance¬Æ 2020 Le bal masqu√©,https://www.youtube.com/watch?v=7A-y5jGvvsA
Just Dance 2020: The Streets - Fit But You Know It (MEGASTAR),https://www.youtube.com/watch?v=VbiBn_3Vi6c
Bad Boy | Just Dance 2020 | Megastar,https://www.youtube.com/watch?v=YMRpXlq8A9g
Just Dance 2020 - Bassa Sababa - Netta (Megastar Kinect),https://www.youtube.com/watch?v=vNl8_I5tOWY
Just Dance 2020:  Maroon 5 ft. Christina Aguilera - Moves Like Jagger (MEGASTAR),https://www.youtube.com/watch?v=nUka4FK_rkY
JUST DANCE 2015 - Diamond ( Alternative ) - 5 stars,https://www.youtube.com/watch?v=7ROmejncxjQ
Just Dance 2015: Addicted To You (All Perfects),https://www.youtube.com/watch?v=h8-0nIBCA2M
Just Dance 2015: The Fox (What Does the Fox Say?),https://www.youtube.com/watch?v=EMPNje-8Nto
Just Dance 2015-WHAT DOES THE FOX SAY?(Campfire Dance)11707 points W/ SOUNDS(HD),https://www.youtube.com/watch?v=LVToJcQHttI
Just Dance Unlimted - Happy - pharrell williams - Alternative - 6 Player Gameplay,https://www.youtube.com/watch?v=mx7V-bemsJg
Just Dance 2015- I Love It (Guard Dance) 5* Stars,https://www.youtube.com/watch?v=VkgVKKpv-a0
Just Dance Hits: Diamonds by Rihanna [11.8k],https://www.youtube.com/watch?v=E94fq4CjiDI
JUST DANCE 2014 - Dan√ßando - 5 Stars,https://www.youtube.com/watch?v=7UTaKUVGd7I
Just Dance 2021: Samba de Janeiro by Ultraclub 90 (Samba) | Full Gameplay,https://www.youtube.com/watch?v=3WjC-P1nbfk
Tempo de Alegria - Ivete Sangalo (Just Dance),https://www.youtube.com/watch?v=vP88ZyodDcw
Just Dance Unlimited - Boys (Vogue Version),https://www.youtube.com/watch?v=RX1Z5HRH-90
Just Dance¬Æ 2019 (Unlimited) Boys by Lizzo,https://www.youtube.com/watch?v=9L4z0xkgh30
Just Dance 2019 (Unlimited): Break Free,https://www.youtube.com/watch?v=UOn8c9cQvWE
Just Dance Now - Juice by Lizzo- Megastar Just Dance 2021,https://www.youtube.com/watch?v=OQSFTue2T9U
Just Dance 2021: Say So by Doja Cat - Gameplay ( PlayStation Camera ) MEGASTAR,https://www.youtube.com/watch?v=LgSwygAVqhc
Just Dance Fitted: Don't Go Yet by Camila Cabello,https://www.youtube.com/watch?v=vK4VdDGOptE
Just Dance 2022 - Levitating - All Perfects,https://www.youtube.com/watch?v=ZUL5-mYg_us
"Just Dance 2022 : POP/STARS By K/DA ,Jaira Burns, Madison Beer, (G)I-DLE (Gameplay 1080p ) 6 Players",https://www.youtube.com/watch?v=j9a8t3MSgMo
Just Dance 2020 - Everybody (Backstreet's Back) | 5* Megastar | All Perfects,https://www.youtube.com/watch?v=jWdv2daMowE
Just Dance 2022 - You Make Me Feel (Mighty Real),https://www.youtube.com/watch?v=8CSyucspZ2Y
Just Dance 2022 - Sua Cara by Major Lazer ft. Anitta & Pabllo Vittar,https://www.youtube.com/watch?v=B7PqN1_7RG4
Just Dance 2022 Nintendo Switch | Level Up by Ciara,https://www.youtube.com/watch?v=pHB_Yal8cc0
"JUST DANCE 2022 - Last Friday Night (T.G.I.F.) [1080p, full perfect]",https://www.youtube.com/watch?v=kQzKKB1E9ZA
Just Dance 2020 (China) - Rainbow Rhythm (1080P HD),https://www.youtube.com/watch?v=DxYOmhUnnJE
Just Dance 2022 : Buttons By  The Pussycat Dolls ft Snoop Dogg (Gameplay 6 Players),https://www.youtube.com/watch?v=9KEcHedcAFk
Just Dance 2022 - Jopping,https://www.youtube.com/watch?v=E3Af6_rVeSQ
Just Dance 2022 - My Way - All Perfects,https://www.youtube.com/watch?v=dPVYvdVYOQw
Just Dance 2021 - Boy You Can Keep It - MEGASTAR,https://www.youtube.com/watch?v=39E8MnHArSs
Just Dance 2022 - Boss Witch,https://www.youtube.com/watch?v=3M9VrJLQDhU